Candidate_ID,Formulation_Group,Mn2+,RA_conc,Preparation_pH,Polymer_A_OHA,Polymer_A_OHA-DAB,Polymer_B_CMC
ODCM-001,F1,-0.7071067811865475,0.0,-1.0,1.4142135623730951,-1.414213562373095,0.0
ODCM-002,F2,-0.7071067811865475,0.0,-1.0,-0.7071067811865475,0.7071067811865476,0.0
ODCM-003,F3,1.4142135623730951,0.0,-1.0,-0.7071067811865475,0.7071067811865476,0.0
ODCM-006,F1,-0.7071067811865475,0.0,-1.0,1.4142135623730951,-1.414213562373095,0.0
ODCM-007,F2,-0.7071067811865475,0.0,-1.0,-0.7071067811865475,0.7071067811865476,0.0
ODCM-008,F3,1.4142135623730951,0.0,-1.0,-0.7071067811865475,0.7071067811865476,0.0
ODCM-010,F1,-0.7071067811865475,0.0,-1.0,1.4142135623730951,-1.414213562373095,0.0
ODCM-011,F2,-0.7071067811865475,0.0,-1.0,-0.7071067811865475,0.7071067811865476,0.0
ODCM-012,F3,1.4142135623730951,0.0,-1.0,-0.7071067811865475,0.7071067811865476,0.0
